{
    "effective_cache_size": {
        "knob_conf": [
            4311410.300000099,
            12650286.9000003,
            20989163.5000005,
            29328040.100000698,
            37666916.7000009
        ],
        "knob_perf": [
            1443.9476190476187,
            528.0763157894737,
            963.967,
            773.6657894736843,
            683.5285714285715
        ],
        "unit": "KB"
    },
    "geqo_selection_bias": {
        "knob_conf": [
            1.5500000999999999,
            1.6500002999999999,
            1.7500005,
            1.8500007,
            1.9500009
        ],
        "knob_perf": [
            585.0266666666668,
            1132.0444999999997,
            914.3774999999999,
            1067.115,
            743.8494736842106
        ]
    },
    "maintenance_work_mem": {
        "knob_conf": [
            657428.5000001,
            1965943.5000003,
            3274458.5000004997,
            4582973.5000007,
            5891488.500000901
        ],
        "knob_perf": [
            831.6355,
            898.2370000000001,
            727.5175000000002,
            1122.1625,
            854.9195
        ],
        "unit": "KB"
    },
    "max_wal_size": {
        "knob_conf": [
            1496.8000001,
            3436.4000003,
            5376.0000005,
            7315.6000007,
            9255.2000009
        ],
        "knob_perf": [
            678.5785,
            843.8895,
            1214.663,
            1139.3349999999998,
            558.0060000000001
        ],
        "unit": "MB"
    },
    "random_page_cost": {
        "knob_conf": [
            40.7650001,
            120.5750003,
            200.38500050000002,
            280.19500070000004,
            360.0050009
        ],
        "knob_perf": [
            2396.0340000000006,
            1127.0828571428572,
            450.0647368421052,
            267.351,
            160.0885
        ]
    },
    "work_mem": {
        "knob_conf": [
            429846.70000009995,
            1241978.1000003,
            2054109.5000005001,
            2866240.9000007,
            3678372.3000008995
        ],
        "knob_perf": [
            732.7085714285715,
            794.6336842105264,
            1066.8415,
            713.3290000000001,
            1130.0555
        ]
    },
    "enable_nestloop": {
        "knob_conf": [
            "on",
            "off"
        ],
        "knob_perf": [
            1111.2579999999998,
            662.5307999999999
        ]
    },
    "full_page_writes": {
        "knob_conf": [
            "on",
            "off"
        ],
        "knob_perf": [
            642.1695999999998,
            1131.6192
        ]
    },
    "plan_cache_mode": {
        "knob_conf": [
            "force_generic_plan",
            "force_custom_plan",
            "auto"
        ],
        "knob_perf": [
            328.0277419354839,
            1862.5308823529408,
            317.54617647058836
        ]
    },
    "commit_delay": {
        "knob_conf": [
            439.4000001,
            1246.2000003,
            2053.0000005,
            2859.8000007,
            3666.6000009
        ],
        "knob_perf": [
            927.0295000000002,
            1140.113,
            1033.329,
            524.9873684210527,
            795.4880952380951
        ]
    },
    "shared_buffers": {
        "knob_conf": [
            112834.3000001,
            320530.9000003,
            528227.5000005,
            735924.1000007,
            943620.7000009
        ],
        "knob_perf": [
            853.047619047619,
            647.3494736842105,
            1047.1284999999998,
            381.2015,
            1495.46
        ]
    },
    "wal_buffers": {
        "knob_conf": [
            2116.4000001,
            6085.200000299999,
            10054.000000499998,
            14022.8000007,
            17991.6000009
        ],
        "knob_perf": [
            681.2620000000001,
            645.4780000000001,
            1421.3359999999998,
            1072.9714999999997,
            613.4245000000001
        ]
    }
}