{
    "effective_cache_size": {
        "knob_conf": [
            4343900.300000099,
            12673600.9000003,
            21003301.5000005,
            29333002.100000698,
            37662702.7000009
        ],
        "knob_perf": [
            372.70809523809527,
            463.82894736842104,
            308.32000000000005,
            445.1555,
            441.03549999999996
        ],
        "unit": "KB"
    },
    "geqo_selection_bias": {
        "knob_conf": [
            1.5500000999999999,
            1.6500002999999999,
            1.7500005,
            1.8500007,
            1.9500009
        ],
        "knob_perf": [
            480.3933333333333,
            409.024,
            408.8505,
            378.4885,
            342.858947368421
        ]
    },
    "maintenance_work_mem": {
        "knob_conf": [
            709339.6000001,
            2006516.8000003,
            3303694.0000005,
            4600871.2000007,
            5898048.4000009
        ],
        "knob_perf": [
            440.61,
            409.48,
            353.14200000000005,
            432.8379999999999,
            390.422
        ],
        "unit": "KB"
    },
    "max_wal_size": {
        "knob_conf": [
            1555.4000001,
            3472.2000003000003,
            5389.0000005,
            7305.8000007,
            9222.6000009
        ],
        "knob_perf": [
            503.85600000000005,
            403.5725,
            322.09250000000003,
            332.45,
            464.521
        ],
        "unit": "MB"
    },
    "random_page_cost": {
        "knob_conf": [
            41.2610001,
            120.20300029999999,
            199.14500049999998,
            278.0870007,
            357.02900089999997
        ],
        "knob_perf": [
            487.43047619047616,
            483.9594736842105,
            350.5285,
            389.2078947368421,
            318.7166666666667
        ]
    },
    "work_mem": {
        "knob_conf": [
            409871.0000001,
            1225295.0000003,
            2040719.0000004997,
            2856143.0000007,
            3671567.0000009
        ],
        "knob_perf": [
            308.019,
            401.26700000000005,
            413.7885,
            454.47210526315786,
            449.2085714285715
        ]
    },
    "enable_nestloop": {
        "knob_conf": [
            "off",
            "on"
        ],
        "knob_perf": [
            199.33919999999998,
            611.2576
        ]
    },
    "full_page_writes": {
        "knob_conf": [
            "on",
            "off"
        ],
        "knob_perf": [
            388.4460000000001,
            422.1508
        ]
    },
    "plan_cache_mode": {
        "knob_conf": [
            "auto",
            "force_custom_plan",
            "force_generic_plan"
        ],
        "knob_perf": [
            532.4397058823529,
            360.7744117647058,
            317.5175000000001
        ]
    },
    "commit_delay": {
        "knob_conf": [
            441.9000001,
            1253.7000003,
            2065.5000005,
            2877.3000007,
            3689.1000009
        ],
        "knob_perf": [
            389.34999999999997,
            456.13842105263154,
            364.449,
            368.09250000000003,
            451.80150000000003
        ]
    },
    "shared_buffers": {
        "knob_conf": [
            105210.3000001,
            314802.9000003,
            524395.5000005,
            733988.1000007,
            943580.7000009
        ],
        "knob_perf": [
            412.98150000000004,
            427.321,
            429.9505000000001,
            435.674,
            320.565
        ]
    },
    "wal_buffers": {
        "knob_conf": [
            2139.5000001,
            6082.5000003000005,
            10025.5000005,
            13968.5000007,
            17911.5000009
        ],
        "knob_perf": [
            427.23523809523806,
            395.844,
            299.46421052631575,
            435.50300000000004,
            462.05699999999996
        ]
    }
}